Cell,Tissue
ABalaaaalar,Dea
ABalaaaalpa,Dea
ABalaaaarla,Dea
ABalaaaarra,Dea
ABalaaaparl,Dea
ABalaaapplr,Dea
ABalaapaaal,Dea
ABalaapaapa,Dea
ABalaapapa,Dea
ABalaapappa,Dea
ABalaappaa,Dea
ABalaapppap,Dea
ABalaappppap,Dea
ABalapaaaap,Dea
ABalapaapap,Dea
ABalapaappap,Dea
ABalapapaa,Dea
ABalapapapap,Dea
ABalapappaap,Dea
ABalappaaa,Dea
ABalappaapp,Dea
ABalappapap,Dea
ABalapppapap,Dea
ABalappppaap,Dea
ABalpaaaapp,Dea
ABalpaaapap,Dea
ABalpaaappa,Dea
ABalpapaapp,Dea
ABalpapapapa,Dea
ABalpapappa,Dea
ABalpappaaa,Dea
ABalpappaapp,Dea
ABalpapppap,Dea
ABalppaaaa,Dea
ABalppaapa,Dea
ABalppaappa,Dea
ABalppapppap,Dea
ABalpppaapv,Dea
ABalpppappa,Dea
ABalpppapppp,Dea
ABalppppaav,Dea
ABalppppapap,Dea
ABalppppapp,Dea
ABalppppppap,Dea
ABaraaaapaa,Dea
ABaraaaapp,Dea
ABaraapapaad,Dea
ABaraapppaad,Dea
ABarapaaapp,Dea
ABarapaapap,Dea
ABarapapaaa,Dea
ABarapapaapp,Dea
ABarapappap,Dea
ABarappaaap,Dea
ABarappaapp,Dea
ABarappapapa,Dea
ABarapppppap,Dea
ABarpaaapp,Dea
ABarpapaaap,Dea
ABarpapaapa,Dea
ABplaaaaaap,Dea
ABplaaaaapa,Dea
ABplaapapppp,Dea
ABplapaaaaa,Dea
ABplapapppa,Dea
ABplapappppp,Dea
ABplapppaap,Dea
ABplapppapa,Dea
ABplpaaappap,Dea
ABplpaapapp,Dea
ABplpaappppp,Dea
ABplpappap,Dea
ABplppaaaapa,Dea
ABplppaaap,Dea
ABplppaapaa,Dea
ABplpppapp,Dea
ABplppppppa,Dea
ABpraaaaapv,Dea
ABpraaaappa,Dea
ABpraaaapppp,Dea
ABpraaapaav,Dea
ABpraaapapap,Dea
ABpraaapapp,Dea
ABpraaapppap,Dea
ABpraapapppp,Dea
ABprapaaaaa,Dea
ABprapapppa,Dea
ABprapappppp,Dea
ABprapppaap,Dea
ABprapppapa,Dea
ABprpaaappap,Dea
ABprpaapapp,Dea
ABprpaappppp,Dea
ABprppaaaapa,Dea
ABprppaaap,Dea
ABprppaapaa,Dea
ABprpppapp,Dea
ABprppppppa,Dea
MSaaaappa,Dea
MSaaappa,Dea
MSaapaapap,Dea
MSaapapap,Dea
MSapaapa,Dea
MSappapa,Dea
MSpaaaaap,Dea
MSpaapaap,Dea
MSpaapp,Dea
MSpapaapap,Dea
MSpapapap,Dea
MSppaapa,Dea
MSpppaaa,Dea
MSpppapa,Dea
Caapap,Dea